{
  "version": 1,
  "author": "Peter Notebaert",
  "editor": "wokwi",
  "parts": [
    { "type": "wokwi-arduino-mega", "id": "mega", "top": -143.4, "left": 6, "attrs": {} },
    {
      "type": "wokwi-photoresistor-sensor",
      "id": "ldr1",
      "top": 108.8,
      "left": -56.8,
      "attrs": {}
    },
    { "type": "wokwi-slide-switch", "id": "sw1", "top": 119.6, "left": 425.5, "attrs": {} },
    { "type": "wokwi-ds1307", "id": "rtc1", "top": 90.6, "left": 278.5, "attrs": {} },
    {
      "type": "wokwi-rgb-led",
      "id": "rgb1",
      "top": -92,
      "left": 442.7,
      "attrs": { "common": "cathode" }
    },
    {
      "type": "wokwi-resistor",
      "id": "r1",
      "top": -91.2,
      "left": 402.65,
      "rotate": 90,
      "attrs": { "value": "220" }
    },
    {
      "type": "wokwi-resistor",
      "id": "r2",
      "top": -91.2,
      "left": 469.85,
      "rotate": 90,
      "attrs": { "value": "220" }
    },
    {
      "type": "wokwi-resistor",
      "id": "r3",
      "top": 71.15,
      "left": 182.4,
      "attrs": { "value": "10000" }
    },
    {
      "type": "wokwi-rgb-led",
      "id": "rgb2",
      "top": -255.2,
      "left": 279.5,
      "attrs": { "common": "cathode" }
    },
    {
      "type": "wokwi-rgb-led",
      "id": "rgb3",
      "top": -255.2,
      "left": 173.9,
      "attrs": { "common": "cathode" }
    },
    {
      "type": "wokwi-rgb-led",
      "id": "rgb4",
      "top": -255.2,
      "left": 49.1,
      "attrs": { "common": "cathode" }
    },
    {
      "type": "wokwi-resistor",
      "id": "r4",
      "top": -187.2,
      "left": 47.45,
      "rotate": 90,
      "attrs": { "value": "220" }
    },
    {
      "type": "wokwi-resistor",
      "id": "r5",
      "top": -187.2,
      "left": 28.25,
      "rotate": 90,
      "attrs": { "value": "220" }
    },
    { "type": "wokwi-slide-switch", "id": "sw2", "top": -226, "left": -44.9, "attrs": {} },
    { "type": "wokwi-slide-switch", "id": "sw3", "top": -226, "left": 3.1, "attrs": {} }
  ],
  "connections": [
    [ "mega:5V", "ldr1:VCC", "red", [ "v0" ] ],
    [ "ldr1:GND", "mega:GND.2", "black", [ "h0" ] ],
    [ "mega:3", "sw1:3", "green", [ "v-48", "h283.9", "v384", "h-76.8" ] ],
    [ "mega:GND.3", "sw1:2", "violet", [ "v160.5", "h251.85" ] ],
    [ "rtc1:GND", "mega:GND.3", "black", [ "h-38.4", "v0", "h-57.6" ] ],
    [ "rtc1:5V", "mega:5V", "red", [ "h-115.2", "v-0.4" ] ],
    [ "rtc1:SCL", "mega:21", "green", [ "h115.2", "v-288.2", "h-59.7" ] ],
    [ "rtc1:SDA", "mega:20", "green", [ "h124.8", "v-288.3", "h-76.8" ] ],
    [ "mega:GND.5", "rgb1:COM", "black", [ "v0.95", "h83.8" ] ],
    [ "mega:7", "r1:1", "green", [ "v-38.4", "h236" ] ],
    [ "r1:2", "rgb1:R", "green", [ "h0" ] ],
    [ "mega:6", "r2:1", "green", [ "v-57.6", "h293.2" ] ],
    [ "r2:2", "rgb1:G", "green", [ "h0", "v46.8", "h-28.8" ] ],
    [ "mega:A2", "ldr1:AO", "green", [ "v0" ] ],
    [ "mega:A2", "r3:2", "green", [ "v35.7", "h6.5" ] ],
    [ "r3:1", "mega:GND.2", "green", [ "v0" ] ],
    [ "mega:GND.1", "rgb2:COM", "black", [ "v0" ] ],
    [ "mega:4", "rgb2:G", "green", [ "v0" ] ],
    [ "mega:GND.1", "rgb3:COM", "black", [ "v0" ] ],
    [ "mega:5", "rgb3:R", "green", [ "v-28.8", "h53.3" ] ],
    [ "r5:2", "mega:8", "green", [ "h0" ] ],
    [ "r4:2", "mega:9", "green", [ "h0", "v8.4", "h115.2" ] ],
    [ "mega:GND.1", "rgb4:COM", "black", [ "v-48", "h-57.8" ] ],
    [ "r5:1", "rgb4:R", "green", [ "h0" ] ],
    [ "r4:1", "rgb4:G", "green", [ "h0" ] ],
    [ "mega:GND.1", "sw3:2", "black", [ "v9.6", "h-115.4" ] ],
    [ "mega:GND.1", "sw2:2", "black", [ "v9.6", "h-153.8" ] ],
    [ "mega:11", "sw2:3", "green", [ "v19.2", "h-0.4", "v9.6", "h-172.8" ] ],
    [ "mega:12", "sw3:3", "green", [ "v19.2", "h-115.2" ] ]
  ],
  "dependencies": {}
}